Threads,Time,Count
1,0.004640,166961
2,0.009351,119378
4,0.014793,92454
8,0.014861,90733
16,0.013937,103955
32,0.010243,133629
