Threads,Time,Count
1,10.783505,166661540
2,10.570230,147673698
4,12.549249,117481701
8,14.187834,77191886
16,13.348036,48229418
32,13.381254,25477702
