Threads,Time,Count
1,0.003467,167185
2,0.008298,114460
4,0.013141,89724
8,0.011703,100459
16,0.012984,93492
32,0.014097,90796
