Threads,Time,Count
1,0.000070,164
2,0.000118,157
4,0.000213,164
8,0.000382,163
16,0.000738,163
32,0.001378,162
